frame_index,timestamp_s,track_id_a,track_id_b,normalized_distance
139,4.633333333333334,1,13,0.05721286382082184
140,4.666666666666667,1,13,0.056650101856904535
141,4.7,1,13,0.05393212943032807
141,4.7,1,31,0.43106816401278075
141,4.7,13,31,0.3977138413519522
142,4.733333333333333,1,13,0.05132726704259896
142,4.733333333333333,1,31,0.4341436292398396
142,4.733333333333333,13,31,0.4002485471504146
143,4.766666666666667,1,13,0.05058069228681316
143,4.766666666666667,1,31,0.43839162249322056
143,4.766666666666667,13,31,0.4029232647530893
144,4.8,1,13,0.050806432858757265
144,4.8,1,31,0.4423128371243468
144,4.8,13,31,0.4051141612527124
145,4.833333333333333,1,13,0.050283260704708795
145,4.833333333333333,1,31,0.44552487042265804
145,4.833333333333333,13,31,0.4079392930385339
146,4.866666666666666,1,13,0.04908405047999272
146,4.866666666666666,1,31,0.44702401752155785
146,4.866666666666666,13,31,0.4092843540501206
147,4.9,1,13,0.04759418357359249
147,4.9,1,31,0.4483581450363803
147,4.9,13,31,0.4115641255146474
