frame_index,timestamp_s,track_id,class_name,x_norm,y_norm,zone_id,inside_zone,dwell_time_s,trajectory_frames
139,4.633333333333334,1,person,0.7203760782877604,0.7870754665798612,zona_critica_01,False,0.0,139
139,4.633333333333334,13,person,0.6675611813863118,0.8090731585467303,zona_critica_01,False,0.0,139
140,4.666666666666667,1,person,0.7218572298685709,0.7881627400716146,zona_critica_01,False,0.0,139;140
140,4.666666666666667,13,person,0.6700824737548828,0.8111542313187211,zona_critica_01,False,0.0,139;140
141,4.7,1,person,0.7225003560384115,0.7916327017324942,zona_critica_01,False,0.0,139;140;141
141,4.7,13,person,0.6728584925333659,0.8127125492802373,zona_critica_01,False,0.0,139;140;141
141,4.7,31,person,0.3347773551940918,0.6032431143301504,zona_critica_01,True,0.0,141
142,4.733333333333333,1,person,0.7233644167582194,0.7955092253508391,zona_critica_01,False,0.0,139;140;141;142
142,4.733333333333333,13,person,0.675124708811442,0.8130425912362558,zona_critica_01,False,0.0,139;140;141;142
142,4.733333333333333,31,person,0.3334962368011475,0.604502699110243,zona_critica_01,True,0.03333333333333333,141;142
143,4.766666666666667,1,person,0.7257026036580404,0.7987752278645833,zona_critica_01,False,0.0,139;140;141;142;143
143,4.766666666666667,13,person,0.6772976875305176,0.8134507355866609,zona_critica_01,False,0.0,139;140;141;142;143
143,4.766666666666667,31,person,0.3323570092519124,0.6052126849139178,zona_critica_01,True,0.06666666666666667,141;142;143
144,4.8,1,person,0.7292114575703939,0.8004187124746817,zona_critica_01,False,0.0,139;140;141;142;143;144
144,4.8,13,person,0.6800468762715658,0.8132303308557581,zona_critica_01,False,0.0,139;140;141;142;143;144
144,4.8,31,person,0.3317816416422526,0.6062791047272859,zona_critica_01,True,0.1,141;142;143;144
145,4.833333333333333,1,person,0.7319300651550293,0.8022349039713542,zona_critica_01,False,0.0,139;140;141;142;143;144;145
145,4.833333333333333,13,person,0.6830197334289551,0.8139047693323206,zona_critica_01,False,0.0,139;140;141;142;143;144;145
145,4.833333333333333,31,person,0.3315368811289469,0.6068437364366319,zona_critica_01,True,0.13333333333333333,141;142;143;144;145
146,4.866666666666666,1,person,0.7324606895446777,0.8031000773111979,zona_critica_01,False,0.0,139;140;141;142;143;144;145;146
146,4.866666666666666,13,person,0.684370199839274,0.8129260027850116,zona_critica_01,False,0.0,139;140;141;142;143;144;145;146
146,4.866666666666666,31,person,0.33116793632507324,0.606136632848669,zona_critica_01,True,0.16666666666666666,141;142;143;144;145;146
147,4.9,1,person,0.7327889442443848,0.804044822410301,zona_critica_01,False,0.0,139;140;141;142;143;144;145;146;147
147,4.9,13,person,0.6860752105712891,0.8131570886682581,zona_critica_01,False,0.0,139;140;141;142;143;144;145;146;147
147,4.9,31,person,0.33105154037475587,0.6049667358398437,zona_critica_01,True,0.2,141;142;143;144;145;146;147
